{
	"nodes": [
		[-7.293503457981725, 54.51426242102528, 70.0],
		[27.500000000000007, 47.63139720814412, 0.0],
		[55.0, 0.0, 0.0],
		[43.563984396188395, 33.573490487714466, 70.0],
		[-50.857487854170124, 20.94077193331082, 70.0],
		[-27.49999999999999, 47.63139720814413, 0.0],
		[-43.5639843961884, -33.57349048771446, 70.0],
		[-55.0, 6.735557395310443e-15, 0.0],
		[7.293503457981707, -54.51426242102528, 70.0],
		[-27.500000000000025, -47.631397208144115, 0.0],
		[50.85748785417013, -20.940771933310803, 70.0],
		[27.500000000000007, -47.63139720814412, 0.0]
	],
	"dictionary": [
		[0, 2, 1],
		[3, 2, 0],
		[4, 1, 5],
		[0, 1, 4],
		[6, 5, 7],
		[4, 5, 6],
		[8, 7, 9],
		[6, 7, 8],
		[10, 9, 11],
		[8, 9, 10],
		[3, 11, 2],
		[10, 11, 3],
		[11, 2, 3, 0],
		[2, 1, 0, 4],
		[1, 5, 4, 6],
		[5, 7, 6, 8],
		[7, 9, 8, 10],
		[9, 11, 10, 3],
		[3, 0, 2, 1],
		[0, 4, 1, 5],
		[4, 6, 5, 7],
		[6, 8, 7, 9],
		[8, 10, 9, 11],
		[10, 3, 11, 2]
	],
	"types": [
		"ASDShellT3",
		"ASDShellT3",
		"ASDShellT3",
		"ASDShellT3",
		"ASDShellT3",
		"ASDShellT3",
		"ASDShellT3",
		"ASDShellT3",
		"ASDShellT3",
		"ASDShellT3",
		"ASDShellT3",
		"ASDShellT3",
		"OriHinge",
		"OriHinge",
		"OriHinge",
		"OriHinge",
		"OriHinge",
		"OriHinge",
		"OriHinge",
		"OriHinge",
		"OriHinge",
		"OriHinge",
		"OriHinge",
		"OriHinge"
	],
	"interior_bars": [
		[2, 0],
		[1, 4],
		[5, 6],
		[7, 8],
		[9, 10],
		[11, 3]
	],
	"exterior_bars": [
		[2, 3],
		[1, 0],
		[5, 4],
		[7, 6],
		[9, 8],
		[11, 10]
	],
	"base_bars": [
		[2, 1],
		[1, 5],
		[5, 7],
		[7, 9],
		[9, 11],
		[11, 2],
		[3, 0],
		[0, 4],
		[4, 6],
		[6, 8],
		[8, 10],
		[10, 3]
	],
	"regions": [],
	"ebc": [],
	"nbc": [],
	"nvn": 6,
	"theta_1": 0.17453292519943295,
	"theta_2": 6.108652381980153,
	"properties": {
		"problem": "ShellAndHinge",
		"kf": 0.005,
		"E": 100,
		"v": 0.3
	}
}
