{
	"nodes": [
		[-5.406333586307017, 52.723538928580744, 70.0],
		[26.500000000000007, 45.89934640057525, 0.0],
		[53.0, 0.0, 0.0],
		[42.9567572964152, 31.043791691365282, 70.0],
		[-48.36309088272221, 21.679747237215466, 70.0],
		[-26.49999999999999, 45.899346400575254, 0.0],
		[-42.956757296415205, -31.04379169136528, 70.0],
		[-53.0, 6.490628035480972e-15, 0.0],
		[5.406333586306996, -52.72353892858075, 70.0],
		[-26.500000000000025, -45.89934640057524, 0.0],
		[48.36309088272222, -21.67974723721546, 70.0],
		[26.500000000000007, -45.89934640057525, 0.0]
	],
	"dictionary": [
		[0, 2, 1],
		[3, 2, 0],
		[4, 1, 5],
		[0, 1, 4],
		[6, 5, 7],
		[4, 5, 6],
		[8, 7, 9],
		[6, 7, 8],
		[10, 9, 11],
		[8, 9, 10],
		[3, 11, 2],
		[10, 11, 3],
		[11, 2, 3, 0],
		[2, 1, 0, 4],
		[1, 5, 4, 6],
		[5, 7, 6, 8],
		[7, 9, 8, 10],
		[9, 11, 10, 3],
		[3, 0, 2, 1],
		[0, 4, 1, 5],
		[4, 6, 5, 7],
		[6, 8, 7, 9],
		[8, 10, 9, 11],
		[10, 3, 11, 2]
	],
	"types": [
		"ASDShellT3",
		"ASDShellT3",
		"ASDShellT3",
		"ASDShellT3",
		"ASDShellT3",
		"ASDShellT3",
		"ASDShellT3",
		"ASDShellT3",
		"ASDShellT3",
		"ASDShellT3",
		"ASDShellT3",
		"ASDShellT3",
		"OriHinge",
		"OriHinge",
		"OriHinge",
		"OriHinge",
		"OriHinge",
		"OriHinge",
		"OriHinge",
		"OriHinge",
		"OriHinge",
		"OriHinge",
		"OriHinge",
		"OriHinge"
	],
	"interior_bars": [
		[2, 0],
		[1, 4],
		[5, 6],
		[7, 8],
		[9, 10],
		[11, 3]
	],
	"exterior_bars": [
		[2, 3],
		[1, 0],
		[5, 4],
		[7, 6],
		[9, 8],
		[11, 10]
	],
	"base_bars": [
		[2, 1],
		[1, 5],
		[5, 7],
		[7, 9],
		[9, 11],
		[11, 2],
		[3, 0],
		[0, 4],
		[4, 6],
		[6, 8],
		[8, 10],
		[10, 3]
	],
	"regions": [],
	"ebc": [],
	"nbc": [],
	"nvn": 6,
	"theta_1": 0.17453292519943295,
	"theta_2": 6.108652381980153,
	"properties": { "problem": "ShellAndHinge", "kf": 0.0, "E": 100, "v": 0.3 }
}
