{
  "nodes": [
    [
      0.0,
      0.5,
      0.0
    ],
    [
      0.8660254037844386,
      0.0,
      0.0
    ],
    [
      0.0,
      -0.5,
      0.0
    ],
    [
      -0.7499999999999998,
      0.0,
      -0.4330127018922196
    ],
    [
      0.0,
      0.5,
      0.0
    ],
    [
      0.0,
      -0.5,
      0.0
    ]
  ],
  "dictionary": [
    [
      0,
      2,
      1
    ],
    [
      3,
      5,
      4
    ],
    [
      1,
      2,
      0,
      3
    ]
  ],
  "types": [
    "T1V",
    "T1V",
    "OH"
  ],
  "properties": {
    "th": [
      0.5,
      0.5
    ],
    "problem": "ShellAndHinge",
    "materials_panels": [
      1,
      1
    ],
    "materials_bars": [],
    "materials_hinges": [
      0.3
    ]
  },
  "regions": [],
  "ebc": [],
  "nbc": [],
  "nvn": 6,
  "solutions": [
    {
      "info": {
        "ld": 0.0
      },
      "U": [
        [
          0.0
        ],
        [
          0.0
        ],
        [
          0.0
        ],
        [
          0.0
        ],
        [
          0.0
        ],
        [
          0.0
        ],
        [
          0.0
        ],
        [
          0.0
        ],
        [
          0.0
        ],
        [
          0.0
        ],
        [
          0.0
        ],
        [
          0.0
        ],
        [
          0.0
        ],
        [
          0.0
        ],
        [
          0.0
        ],
        [
          0.0
        ],
        [
          0.0
        ],
        [
          0.0
        ],
        [
          0.0
        ],
        [
          0.0
        ],
        [
          0.0
        ],
        [
          0.0
        ],
        [
          0.0
        ],
        [
          0.0
        ],
        [
          0.0
        ],
        [
          0.0
        ],
        [
          0.0
        ],
        [
          0.0
        ],
        [
          0.0
        ],
        [
          0.0
        ],
        [
          0.0
        ],
        [
          0.0
        ],
        [
          0.0
        ],
        [
          0.0
        ],
        [
          0.0
        ],
        [
          0.0
        ]
      ]
    },
    {
      "info": {
        "ld": 0.004884990551203281
      },
      "U": [
        [
          0.0
        ],
        [
          0.0
        ],
        [
          0.0
        ],
        [
          0.0
        ],
        [
          0.0
        ],
        [
          9.499330685623972e-17
        ],
        [
          0.0
        ],
        [
          0.0
        ],
        [
          0.0
        ],
        [
          0.0
        ],
        [
          0.0
        ],
        [
          1.141047840197572e-16
        ],
        [
          0.0
        ],
        [
          0.0
        ],
        [
          0.0
        ],
        [
          0.0
        ],
        [
          0.0
        ],
        [
          -1.515941789736931e-16
        ],
        [
          0.0031926732679096737
        ],
        [
          -1.318135776745303e-16
        ],
        [
          -0.005292922392814788
        ],
        [
          0.05690330575793443
        ],
        [
          -0.0071422819323767464
        ],
        [
          0.03312745242094892
        ],
        [
          0.0
        ],
        [
          0.0
        ],
        [
          0.0
        ],
        [
          -0.028507144372841717
        ],
        [
          -0.06416149318441132
        ],
        [
          -0.01646371712065049
        ],
        [
          0.0
        ],
        [
          0.0
        ],
        [
          0.0
        ],
        [
          -0.028395996064186482
        ],
        [
          0.04988474956020899
        ],
        [
          -0.016663656955534945
        ]
      ]
    },
    {
      "info": {
        "ld": -0.00977285006674846
      },
      "U": [
        [
          0.0
        ],
        [
          0.0
        ],
        [
          0.0
        ],
        [
          0.0
        ],
        [
          0.0
        ],
        [
          1.2426185725653458e-17
        ],
        [
          0.0
        ],
        [
          0.0
        ],
        [
          0.0
        ],
        [
          0.0
        ],
        [
          0.0
        ],
        [
          2.898878893186645e-16
        ],
        [
          0.0
        ],
        [
          0.0
        ],
        [
          0.0
        ],
        [
          0.0
        ],
        [
          0.0
        ],
        [
          -3.667211124057749e-16
        ],
        [
          -0.006062198302150258
        ],
        [
          -6.746484749790037e-17
        ],
        [
          0.010273862177504133
        ],
        [
          0.11074955392653252
        ],
        [
          0.013800150278749007
        ],
        [
          0.06399402665382833
        ],
        [
          0.0
        ],
        [
          0.0
        ],
        [
          0.0
        ],
        [
          -0.0552599253218097
        ],
        [
          -0.0970139702905529
        ],
        [
          -0.03219731423440275
        ],
        [
          0.0
        ],
        [
          0.0
        ],
        [
          0.0
        ],
        [
          -0.0554661272648204
        ],
        [
          0.1245708488974561
        ],
        [
          -0.031783348620523635
        ]
      ]
    },
    {
      "info": {
        "ld": -0.01309687599556032
      },
      "U": [
        [
          0.0
        ],
        [
          0.0
        ],
        [
          0.0
        ],
        [
          0.0
        ],
        [
          0.0
        ],
        [
          -8.541774692330511e-17
        ],
        [
          0.0
        ],
        [
          0.0
        ],
        [
          0.0
        ],
        [
          0.0
        ],
        [
          0.0
        ],
        [
          2.158178476750905e-17
        ],
        [
          0.0
        ],
        [
          0.0
        ],
        [
          0.0
        ],
        [
          0.0
        ],
        [
          0.0
        ],
        [
          -1.2248202446942236e-16
        ],
        [
          -0.008030474926411008
        ],
        [
          -5.022734642435992e-17
        ],
        [
          0.013674940194338651
        ],
        [
          0.1685568203206698
        ],
        [
          0.018350365710405356
        ],
        [
          0.09612177178152138
        ],
        [
          0.0
        ],
        [
          0.0
        ],
        [
          0.0
        ],
        [
          -0.08413249152309792
        ],
        [
          -0.14974902983504232
        ],
        [
          -0.0483350934316723
        ],
        [
          0.0
        ],
        [
          0.0
        ],
        [
          0.0
        ],
        [
          -0.08440507781970735
        ],
        [
          0.18638443366895258
        ],
        [
          -0.04777572208416708
        ]
      ]
    }
  ]
}