{
	"nodes": [
		[13.0, 0.0, 0],
		[6.500000000000002, 11.258330249197702, 0],
		[-6.499999999999997, 11.258330249197703, 0],
		[-13.0, 1.592040838891559e-15, 0],
		[-6.500000000000005, -11.2583302491977, 0],
		[6.500000000000002, -11.258330249197702, 0],
		[11.305331281221457, 6.41790344441513, 20.8],
		[0.09459821871157725, 12.999655809944223, 20.8],
		[-11.21073306250988, 6.581752365529095, 20.8],
		[-11.305331281221457, -6.417903444415129, 20.8],
		[-0.0945982187115817, -12.999655809944223, 20.8],
		[11.210733062509881, -6.581752365529091, 20.8]
	],
	"dictionary": [
		[0, 7],
		[1, 8],
		[2, 9],
		[3, 10],
		[4, 11],
		[5, 6],
		[0, 6],
		[1, 7],
		[2, 8],
		[3, 9],
		[4, 10],
		[5, 11],
		[0, 1],
		[1, 2],
		[2, 3],
		[3, 4],
		[4, 5],
		[5, 0],
		[6, 7],
		[7, 8],
		[8, 9],
		[9, 10],
		[10, 11],
		[11, 6],
		[5, 0, 6, 7],
		[0, 1, 7, 8],
		[1, 2, 8, 9],
		[2, 3, 9, 10],
		[3, 4, 10, 11],
		[4, 5, 11, 6],
		[6, 7, 0, 1],
		[7, 8, 1, 2],
		[8, 9, 2, 3],
		[9, 10, 3, 4],
		[10, 11, 4, 5],
		[11, 6, 5, 0]
	],
	"types": [
		"CorotTruss",
		"CorotTruss",
		"CorotTruss",
		"CorotTruss",
		"CorotTruss",
		"CorotTruss",
		"CorotTruss",
		"CorotTruss",
		"CorotTruss",
		"CorotTruss",
		"CorotTruss",
		"CorotTruss",
		"CorotTruss",
		"CorotTruss",
		"CorotTruss",
		"CorotTruss",
		"CorotTruss",
		"CorotTruss",
		"CorotTruss",
		"CorotTruss",
		"CorotTruss",
		"CorotTruss",
		"CorotTruss",
		"CorotTruss",
		"OriHinge",
		"OriHinge",
		"OriHinge",
		"OriHinge",
		"OriHinge",
		"OriHinge",
		"OriHinge",
		"OriHinge",
		"OriHinge",
		"OriHinge",
		"OriHinge",
		"OriHinge"
	],
	"interior_bars": [
		[0, 7],
		[1, 8],
		[2, 9],
		[3, 10],
		[4, 11],
		[5, 6]
	],
	"exterior_bars": [
		[0, 6],
		[1, 7],
		[2, 8],
		[3, 9],
		[4, 10],
		[5, 11]
	],
	"base_bars": [
		[0, 1],
		[1, 2],
		[2, 3],
		[3, 4],
		[4, 5],
		[5, 0],
		[6, 7],
		[7, 8],
		[8, 9],
		[9, 10],
		[10, 11],
		[11, 6]
	],
	"regions": [],
	"ebc": [],
	"nbc": [],
	"nvn": 3,
	"theta_1": 0.17453292519943295,
	"theta_2": 6.108652381980153,
	"properties": {
		"problem": "BarAndHinge",
		"kf": 0,
		"E": 100,
		"A": 0.3
	}
}
