{
	"nodes": [
		[0.0, -0.5, 0.0],
		[0.0, 0.5, 0.0],
		[0.8660254037844386, 0.0, 0.0],
		[-0.7499999999999998, 0.0, 0.4330127018922196]
	],
	"dictionary": [
		[0, 2, 1],
		[0, 1, 3],
		[3, 1, 0, 2]
	],
	"types": ["ASDShellT3", "ASDShellT3", "OriHinge"],
	"regions": [],
	"ebc": [
		[0, 1, 1, 1, 1, 1, 1],
		[1, 1, 1, 1, 1, 1, 1],
		[2, 1, 1, 1, 1, 1, 1]
	],
	"nbc": [[3, 0, 0, 1, 0, 0, 0]],
	"nvn": 6,
	"properties": {
		"problem": "ShellAndHinge",
		"kf": 0.3,
		"E": 1000,
		"v": 0.3,
		"t": 0.1
	}
}
