{
	"nodes": [
		[0.09459821871157725, 12.999655809944223, 20.8],
		[6.500000000000002, 11.258330249197702, 0.0],
		[13.0, 0.0, 0.0],
		[11.305331281221457, 6.41790344441513, 20.8],
		[-11.21073306250988, 6.581752365529095, 20.8],
		[-6.499999999999997, 11.258330249197703, 0.0],
		[-11.305331281221457, -6.417903444415129, 20.8],
		[-13.0, 1.592040838891559e-15, 0.0],
		[-0.0945982187115817, -12.999655809944223, 20.8],
		[-6.500000000000005, -11.2583302491977, 0.0],
		[11.210733062509881, -6.581752365529091, 20.8],
		[6.500000000000002, -11.258330249197702, 0.0]
	],
	"dictionary": [
		[0, 2, 1],
		[3, 2, 0],
		[4, 1, 5],
		[0, 1, 4],
		[6, 5, 7],
		[4, 5, 6],
		[8, 7, 9],
		[6, 7, 8],
		[10, 9, 11],
		[8, 9, 10],
		[3, 11, 2],
		[10, 11, 3],
		[11, 2, 3, 0],
		[2, 1, 0, 4],
		[1, 5, 4, 6],
		[5, 7, 6, 8],
		[7, 9, 8, 10],
		[9, 11, 10, 3],
		[3, 0, 2, 1],
		[0, 4, 1, 5],
		[4, 6, 5, 7],
		[6, 8, 7, 9],
		[8, 10, 9, 11],
		[10, 3, 11, 2]
	],
	"types": [
		"ASDShellT3",
		"ASDShellT3",
		"ASDShellT3",
		"ASDShellT3",
		"ASDShellT3",
		"ASDShellT3",
		"ASDShellT3",
		"ASDShellT3",
		"ASDShellT3",
		"ASDShellT3",
		"ASDShellT3",
		"ASDShellT3",
		"OriHinge",
		"OriHinge",
		"OriHinge",
		"OriHinge",
		"OriHinge",
		"OriHinge",
		"OriHinge",
		"OriHinge",
		"OriHinge",
		"OriHinge",
		"OriHinge",
		"OriHinge"
	],
	"interior_bars": [
		[2, 0],
		[1, 4],
		[5, 6],
		[7, 8],
		[9, 10],
		[11, 3]
	],
	"exterior_bars": [
		[2, 3],
		[1, 0],
		[5, 4],
		[7, 6],
		[9, 8],
		[11, 10]
	],
	"base_bars": [
		[2, 1],
		[1, 5],
		[5, 7],
		[7, 9],
		[9, 11],
		[11, 2],
		[3, 0],
		[0, 4],
		[4, 6],
		[6, 8],
		[8, 10],
		[10, 3]
	],
	"regions": [],
	"ebc": [],
	"nbc": [],
	"nvn": 6,
	"theta_1": 0.17453292519943295,
	"theta_2": 6.108652381980153,
	"properties": { "problem": "ShellAndHinge", "kf": 0.0, "E": 100, "v": 0.3 }
}
